name,full_name,description,html_url,stars,forks,watchers,open_issues,language,topics,size_kb,license_name,created_at,updated_at,pushed_at,is_fork,archived
coreutils,microsoft/coreutils,Coreutils for Windows: Installer & Packaging,https://github.com/microsoft/coreutils,3507,53,3507,56,Rust,"command-line-tool,coreutils,gnu-coreutils",87,MIT,2026-05-15T05:42:32Z,2026-06-08T04:42:39Z,2026-06-05T18:17:40Z,False,False
intelligent-terminal,microsoft/intelligent-terminal,"A fork of Windows Terminal with native agent integration, right in your command line.",https://github.com/microsoft/intelligent-terminal,718,38,718,41,C++,"acp,agent,agent-client-protocol,agentic-ai,ai,cli,command-line,console,copilot,terminal,windows,windows-terminal",151370,MIT,2026-05-18T10:57:07Z,2026-06-08T04:42:38Z,2026-06-08T03:50:20Z,False,False
markitdown,microsoft/markitdown,Python tool for converting files and office documents to Markdown.,https://github.com/microsoft/markitdown,147563,10115,147563,818,Python,"autogen,autogen-extension,langchain,markdown,microsoft-office,openai,pdf",4285,MIT,2024-11-13T19:56:40Z,2026-06-08T04:42:36Z,2026-05-26T22:41:34Z,False,False
AI-For-Beginners,microsoft/AI-For-Beginners,"12 Weeks, 24 Lessons, AI for All!",https://github.com/microsoft/AI-For-Beginners,48005,9934,48005,7,Jupyter Notebook,"ai,artificial-intelligence,cnn,computer-vision,deep-learning,gan,machine-learning,microsoft-for-beginners,nlp,rnn",1416835,MIT,2021-03-03T16:27:36Z,2026-06-08T04:41:59Z,2026-05-09T00:28:43Z,False,False
playwright,microsoft/playwright,"Playwright is a framework for Web Testing and Automation. It allows testing Chromium, Firefox and WebKit with a single API. ",https://github.com/microsoft/playwright,90477,5878,90477,184,TypeScript,"automation,chrome,chromium,e2e-testing,electron,end-to-end-testing,firefox,javascript,playwright,test,test-automation,testing,testing-tools,web,webkit",235715,Apache-2.0,2019-11-15T18:32:42Z,2026-06-08T04:41:29Z,2026-06-07T17:28:46Z,False,False
VibeVoice,microsoft/VibeVoice,Open-Source Frontier Voice AI,https://github.com/microsoft/VibeVoice,48677,5414,48677,161,Python,,215599,MIT,2025-08-25T13:24:01Z,2026-06-08T04:41:00Z,2026-05-06T06:49:25Z,False,False
aspire,microsoft/aspire,"Aspire is the tool for code-first, extensible, observable dev and deploy.",https://github.com/microsoft/aspire,6039,894,6039,2071,C#,"cloud,dotnet,hacktoberfest,python,typescript",114482,MIT,2023-09-25T23:49:49Z,2026-06-08T04:38:08Z,2026-06-08T04:39:50Z,False,False
SkillOpt,microsoft/SkillOpt,"SkillOpt is a text-space optimizer that trains reusable natural-language skills for frozen LLM agents through trajectory-driven edits, validation-gated updates, and deployable best_skill.md artifacts.",https://github.com/microsoft/SkillOpt,5358,534,5358,4,Python,"agent-skills,self-evolving-agents",22419,MIT,2026-05-08T06:41:01Z,2026-06-08T04:37:25Z,2026-06-07T17:42:50Z,False,False
RustTraining,microsoft/RustTraining,"Beginner, advanced, expert level Rust training material",https://github.com/microsoft/RustTraining,14534,1129,14534,1,Rust,,1723,MIT,2026-03-13T04:25:17Z,2026-06-08T04:36:07Z,2026-05-25T16:41:46Z,False,False
XBOX-Godot-Sample,microsoft/XBOX-Godot-Sample,"An example implementation binding the GDK, PlayFab, and GameInput to Godot",https://github.com/microsoft/XBOX-Godot-Sample,130,7,130,2,C++,,3474,MIT,2026-05-28T16:27:10Z,2026-06-08T04:36:06Z,2026-06-04T20:10:27Z,False,False
azurelinux,microsoft/azurelinux,General purpose Linux OS for Azure,https://github.com/microsoft/azurelinux,4968,650,4968,221,Python,,448709,MIT,2020-07-22T19:27:14Z,2026-06-08T04:36:03Z,2026-06-08T03:46:29Z,False,False
Analytics-Hub,microsoft/Analytics-Hub,"A central hub for analytics resources, linking to repositories, guides, and templates leveraging MAC, Purview, and Viva Insights.",https://github.com/microsoft/Analytics-Hub,11,2,11,1,Python,,709,MIT,2026-03-04T21:28:18Z,2026-06-08T04:35:48Z,2026-06-08T04:35:45Z,False,False
WindowsDeveloperConfig,microsoft/WindowsDeveloperConfig,Automate the setup and configuration of your Windows development environment.,https://github.com/microsoft/WindowsDeveloperConfig,546,46,546,15,PowerShell,,593,MIT,2026-05-21T15:13:35Z,2026-06-08T04:35:38Z,2026-06-06T01:23:43Z,False,False
agent-framework,microsoft/agent-framework,"A framework for building, orchestrating and deploying AI agents and multi-agent workflows with support for Python and .NET.",https://github.com/microsoft/agent-framework,11116,1858,11116,673,Python,"agent-framework,agentic-ai,agents,ai,dotnet,multi-agent,orchestration,python,sdk,workflows",111453,MIT,2025-04-28T19:40:42Z,2026-06-08T04:34:04Z,2026-06-08T03:48:01Z,False,False
vscode,microsoft/vscode,Visual Studio Code,https://github.com/microsoft/vscode,186063,40381,186063,18377,TypeScript,"editor,electron,microsoft,typescript,visual-studio-code",1276273,MIT,2015-09-03T20:23:38Z,2026-06-08T04:34:03Z,2026-06-08T04:32:16Z,False,False
terminal,microsoft/terminal,"The new Windows Terminal and the original Windows console host, all in the same place!",https://github.com/microsoft/terminal,103501,9329,103501,1763,C++,"cmd,command-line,console,contributions-welcome,good-first-issue,hacktoberfest,terminal,windows,windows-console,windows-terminal,wsl",169335,MIT,2017-08-11T18:38:22Z,2026-06-08T04:32:53Z,2026-06-06T03:04:54Z,False,False
PowerToys,microsoft/PowerToys,Microsoft PowerToys is a collection of utilities that supercharge productivity and customization on Windows,https://github.com/microsoft/PowerToys,133898,8037,133898,7066,C#,"advanced-paste,color-picker,command-palette,desktop,fancyzones,keyboard-manager,microsoft-powertoys,powerrename,powertoys,windows,windows-10,windows-11",495146,MIT,2019-05-01T17:44:02Z,2026-06-08T04:32:42Z,2026-06-06T22:36:02Z,False,False
playwright-cli,microsoft/playwright-cli,"CLI for common Playwright actions. Record and generate Playwright code, inspect selectors and take screenshots.",https://github.com/microsoft/playwright-cli,11132,581,11132,12,TypeScript,playwright,977,Apache-2.0,2020-06-19T18:34:03Z,2026-06-08T04:32:06Z,2026-05-07T23:01:25Z,False,False
pg_durable,microsoft/pg_durable,PostgreSQL in-database durable execution,https://github.com/microsoft/pg_durable,1511,33,1511,52,Rust,"ai-pipelines,ai-workflows,durable-execution,durable-functions,durable-workflows,postgresql",2017,NOASSERTION,2026-02-13T18:21:46Z,2026-06-08T04:31:19Z,2026-06-08T03:27:47Z,False,False
ProphetNet,microsoft/ProphetNet,"A research project for natural language generation, containing the official implementations by MSRA NLC team.",https://github.com/microsoft/ProphetNet,747,117,747,55,Python,,76191,MIT,2020-02-17T20:13:11Z,2026-06-08T04:31:12Z,2024-07-25T11:27:09Z,False,False
SkillLens,microsoft/SkillLens,SkillLens: a framework for studying model-generated agent skills across the full raw experience generation → skill extraction → skill consumption lifecycle. ,https://github.com/microsoft/SkillLens,86,9,86,0,Python,,4305,MIT,2026-05-08T07:40:38Z,2026-06-08T04:29:48Z,2026-05-25T19:49:05Z,False,False
ai-agents-for-beginners,microsoft/ai-agents-for-beginners,12 Lessons to Get Started Building AI Agents,https://github.com/microsoft/ai-agents-for-beginners,66671,22004,66671,19,Jupyter Notebook,"agentic-ai,agentic-framework,agentic-rag,ai-agents,ai-agents-framework,autogen,generative-ai,semantic-kernel",3755295,MIT,2024-11-28T10:42:52Z,2026-06-08T04:27:16Z,2026-05-25T17:28:39Z,False,False
ML-For-Beginners,microsoft/ML-For-Beginners,"12 weeks, 26 lessons, 52 quizzes, classic Machine Learning for all",https://github.com/microsoft/ML-For-Beginners,86480,20995,86480,10,Jupyter Notebook,"data-science,education,machine-learning,machine-learning-algorithms,machinelearning,machinelearning-python,microsoft-for-beginners,ml,python,r,scikit-learn,scikit-learn-python",2229011,MIT,2021-03-03T01:34:05Z,2026-06-08T04:25:43Z,2026-06-03T18:07:24Z,False,False
Webwright,microsoft/Webwright,A simple SWE style browser agent framework that achieves SOTA results on long horizon web tasks. ,https://github.com/microsoft/Webwright,5198,309,5198,33,Python,,116952,MIT,2026-04-08T01:48:09Z,2026-06-08T04:25:08Z,2026-06-03T22:29:25Z,False,False
fara,microsoft/fara,Fara-7B: An Efficient Agentic Model for Computer Use,https://github.com/microsoft/fara,5445,539,5445,30,Python,"agent,browser-use,computer-use,computer-use-agent,cua",8855,MIT,2025-10-29T16:23:22Z,2026-06-08T04:22:26Z,2026-05-29T19:52:37Z,False,False
BitNet,microsoft/BitNet,Official inference framework for 1-bit LLMs,https://github.com/microsoft/BitNet,39246,3589,39246,317,Python,,8298,MIT,2024-08-05T09:07:38Z,2026-06-08T04:22:09Z,2026-03-10T07:49:47Z,False,False
graphrag,microsoft/graphrag,A modular graph-based Retrieval-Augmented Generation (RAG) system,https://github.com/microsoft/graphrag,33543,3548,33543,140,Python,"gpt,gpt-4,gpt4,graphrag,llm,llms,rag",205879,MIT,2024-03-27T17:57:52Z,2026-06-08T04:21:30Z,2026-06-05T23:46:49Z,False,False
mxc,microsoft/mxc,"Policy-driven, layered isolation and containment ",https://github.com/microsoft/mxc,717,27,717,18,Rust,,3138,MIT,2026-02-06T20:13:08Z,2026-06-08T04:18:45Z,2026-06-07T01:48:11Z,False,False
playwright-mcp,microsoft/playwright-mcp,Playwright MCP server,https://github.com/microsoft/playwright-mcp,33605,2768,33605,8,TypeScript,"mcp,playwright",2006,Apache-2.0,2025-03-21T17:48:36Z,2026-06-08T04:18:17Z,2026-06-04T20:56:00Z,False,False
mcp,microsoft/mcp,Catalog of official Microsoft MCP (Model Context Protocol) server implementations for AI-powered data access and tool integration,https://github.com/microsoft/mcp,3281,515,3281,323,C#,,304445,MIT,2025-04-09T04:12:30Z,2026-06-08T04:18:01Z,2026-06-05T22:38:47Z,False,False
LLMLingua,microsoft/LLMLingua,"[EMNLP'23, ACL'24] To speed up LLMs' inference and enhance LLM's perceive of key information, compress the prompt and KV-Cache, which achieves up to 20x compression with minimal performance loss. ",https://github.com/microsoft/LLMLingua,6261,386,6261,116,Python,,4161,MIT,2023-07-07T06:26:00Z,2026-06-08T04:17:14Z,2026-04-08T18:59:13Z,False,False
TRELLIS.2,microsoft/TRELLIS.2,Native and Compact Structured Latents for 3D Generation,https://github.com/microsoft/TRELLIS.2,8210,992,8210,135,Python,,676188,MIT,2025-11-26T10:04:35Z,2026-06-08T04:16:44Z,2026-06-05T05:19:14Z,False,False
qlib,microsoft/qlib,"Qlib is an AI-oriented Quant investment platform that aims to use AI tech to empower Quant Research, from exploring ideas to implementing productions. Qlib supports diverse ML modeling paradigms, incl",https://github.com/microsoft/qlib,44148,6950,44148,423,Python,"algorithmic-trading,auto-quant,deep-learning,finance,fintech,investment,machine-learning,paper,platform,python,quant,quant-dataset,quant-models,quantitative-finance,quantitative-trading,research,research-paper,stock-data",17997,MIT,2020-08-14T06:46:00Z,2026-06-08T04:15:54Z,2026-04-22T07:08:01Z,False,False
fluentui,microsoft/fluentui,"Fluent UI web represents a collection of utilities, React components, and web components for building web applications.",https://github.com/microsoft/fluentui,20040,2890,20040,739,TypeScript,"components,fluent,microsoft,office-ui-fabric,react,react-components",838453,NOASSERTION,2016-06-06T15:03:44Z,2026-06-08T04:10:44Z,2026-06-08T04:10:33Z,False,False
Generative-AI-for-beginners-java,microsoft/Generative-AI-for-beginners-java,Learn Generative AI fundamentals through Java programming.,https://github.com/microsoft/Generative-AI-for-beginners-java,425,364,425,0,Java,,735923,MIT,2025-07-08T12:25:27Z,2026-06-08T04:10:40Z,2026-04-20T15:23:18Z,False,False
generative-ai-with-javascript,microsoft/generative-ai-with-javascript,Join a time-traveling adventure where you meet history’s legends while learning Generative AI technologies! ✨,https://github.com/microsoft/generative-ai-with-javascript,1217,794,1217,75,JavaScript,"ai,generative-ai,javascript,llm,samples,training",124870,MIT,2024-07-22T13:40:49Z,2026-06-08T04:10:33Z,2026-02-19T10:27:16Z,False,False
BiomedCLIP_data_pipeline,microsoft/BiomedCLIP_data_pipeline,BiomedCLIP data pipeline,https://github.com/microsoft/BiomedCLIP_data_pipeline,122,14,122,3,Jupyter Notebook,,560,MIT,2025-01-13T19:11:28Z,2026-06-08T04:09:25Z,2025-01-14T18:03:54Z,False,False
skills,microsoft/skills,"Skills, MCP servers, Custom Agents, Agents.md for SDKs to ground Coding Agents",https://github.com/microsoft/skills,2513,284,2513,51,TypeScript,"agent-skills,agents,azure,foundry,mcp,sdk,skills",14970,MIT,2026-01-16T18:34:20Z,2026-06-08T04:09:22Z,2026-06-05T00:29:32Z,False,False
olive-recipes,microsoft/olive-recipes,,https://github.com/microsoft/olive-recipes,56,50,56,78,Python,,41051,MIT,2025-05-22T18:25:04Z,2026-06-08T04:08:44Z,2026-06-08T04:17:33Z,False,False
langchain-for-beginners,microsoft/langchain-for-beginners,LangChain for Beginners Course,https://github.com/microsoft/langchain-for-beginners,450,140,450,7,Python,,72546,MIT,2025-10-16T17:59:18Z,2026-06-08T04:06:45Z,2025-12-10T10:19:58Z,False,False
onnxruntime,microsoft/onnxruntime,"ONNX Runtime: cross-platform, high performance ML inferencing and training accelerator",https://github.com/microsoft/onnxruntime,20762,3961,20762,1371,C++,"ai-framework,deep-learning,hardware-acceleration,machine-learning,neural-networks,onnx,pytorch,scikit-learn,tensorflow",1547661,MIT,2018-11-10T02:22:53Z,2026-06-08T04:04:35Z,2026-06-08T02:05:24Z,False,False
winget-pkgs,microsoft/winget-pkgs,The Microsoft community Windows Package Manager manifest repository,https://github.com/microsoft/winget-pkgs,10665,7310,10665,1963,Other,hacktoberfest,746207,MIT,2019-07-16T22:21:48Z,2026-06-08T04:04:25Z,2026-06-08T04:04:19Z,False,False
copilot-for-eclipse,microsoft/copilot-for-eclipse,GitHub Copilot plugin for Eclipse IDE,https://github.com/microsoft/copilot-for-eclipse,109,38,109,107,Java,,20315,MIT,2026-03-16T13:28:26Z,2026-06-08T04:02:04Z,2026-06-04T05:08:42Z,False,False
win-dev-skills,microsoft/win-dev-skills,Agents and skills for building Windows apps with WinUI 3 and the Windows App SDK,https://github.com/microsoft/win-dev-skills,264,12,264,24,C#,"agent,agent-skills,copilot,copilot-cli,ghcp,skills,winappsdk,winui3,winui3-app,xaml",6710,MIT,2026-03-03T17:47:08Z,2026-06-08T03:57:42Z,2026-06-03T11:47:55Z,False,False
Olive,microsoft/Olive,"Olive: Simplify ML Model Finetuning, Conversion, Quantization, and Optimization for CPUs, GPUs and NPUs.",https://github.com/microsoft/Olive,2328,299,2328,44,Python,,174280,MIT,2019-08-12T19:00:23Z,2026-06-08T03:57:24Z,2026-06-06T00:59:57Z,False,False
typescript-go,microsoft/typescript-go,Staging repo for development of native port of TypeScript,https://github.com/microsoft/typescript-go,25624,994,25624,225,Go,,285293,Apache-2.0,2024-09-19T20:25:12Z,2026-06-08T03:53:37Z,2026-06-07T21:10:19Z,False,False
Dev-Trio,microsoft/Dev-Trio,"A VS Code extension that transforms GitHub Copilot Chat into an autonomous three-agent development system. Automates setup of the Planner, Implementer, and Critic loop — with multi-provider notificati",https://github.com/microsoft/Dev-Trio,0,0,0,0,Other,,7,MIT,2026-06-08T03:41:01Z,2026-06-08T03:50:47Z,2026-06-08T03:51:55Z,False,False
discovery,microsoft/discovery,Microsoft Discovery community repository,https://github.com/microsoft/discovery,128,25,128,1,Python,,32340,MIT,2026-05-15T21:27:52Z,2026-06-08T03:48:54Z,2026-06-04T19:04:51Z,False,False
aspire.dev,microsoft/aspire.dev,The official website for all things aspire.dev.,https://github.com/microsoft/aspire.dev,166,75,166,178,MDX,"aspire,aspire-dashboard,cli,cloud-native,csharp,distributed,hacktoberfest,javascript,polyglot,python,toolkit",179381,MIT,2025-10-28T20:00:24Z,2026-06-08T03:46:47Z,2026-06-08T03:47:06Z,False,False
semantic-kernel,microsoft/semantic-kernel,Integrate cutting-edge LLM technology quickly and easily into your apps,https://github.com/microsoft/semantic-kernel,28072,4636,28072,285,C#,"ai,artificial-intelligence,llm,openai,sdk",102997,MIT,2023-02-27T17:39:42Z,2026-06-08T03:46:12Z,2026-06-05T23:43:19Z,False,False
generative-ai-for-beginners,microsoft/generative-ai-for-beginners,"21 Lessons, Get Started Building with Generative AI ",https://github.com/microsoft/generative-ai-for-beginners,111758,59990,111758,23,Jupyter Notebook,"ai,azure,chatgpt,dall-e,generative-ai,generativeai,gpt,language-model,llms,microsoft-for-beginners,openai,prompt-engineering,semantic-search,transformers",6594567,MIT,2023-06-19T16:28:59Z,2026-06-08T03:45:31Z,2026-06-06T09:26:10Z,False,False
langchainjs-for-beginners,microsoft/langchainjs-for-beginners,LangChain.js for Beginners course,https://github.com/microsoft/langchainjs-for-beginners,152,33,152,0,TypeScript,,59900,MIT,2025-11-11T18:36:36Z,2026-06-08T03:44:48Z,2026-05-30T18:09:12Z,False,False
mcp-for-beginners,microsoft/mcp-for-beginners,"This open-source curriculum introduces the fundamentals of Model Context Protocol (MCP) through real-world, cross-language examples in .NET, Java, TypeScript, JavaScript, Rust and Python. Designed for",https://github.com/microsoft/mcp-for-beginners,16315,5338,16315,9,Jupyter Notebook,"csharp,java,javascript,javascript-applications,mcp,mcp-client,mcp-security,mcp-server,model,model-context-protocol,modelcontextprotocol,python,rust,typescript",2861747,MIT,2025-04-04T20:46:17Z,2026-06-08T03:42:12Z,2026-06-04T18:47:32Z,False,False
RD-Agent,microsoft/RD-Agent,"Research and development (R&D) is crucial for the enhancement of industrial productivity, especially in the AI era, where the core aspects of R&D are mainly focused on data and models. We are committe",https://github.com/microsoft/RD-Agent,13376,1656,13376,180,Python,"agent,ai,automation,data-mining,data-science,development,llm,research",69122,MIT,2024-04-03T03:39:33Z,2026-06-08T03:35:34Z,2026-06-05T17:09:43Z,False,False
agentrc,microsoft/agentrc,Get your repo ready for AI.,https://github.com/microsoft/agentrc,908,84,908,35,TypeScript,,3238,MIT,2026-01-29T03:37:22Z,2026-06-08T03:33:19Z,2026-06-07T07:14:00Z,False,False
Build26-BRK202-azure-devops-meets-github-the-path-to-ai-powered-sdlc,microsoft/Build26-BRK202-azure-devops-meets-github-the-path-to-ai-powered-sdlc,"Demo videos and resources for integrating Azure DevOps with GitHub to enable Agentic DevOps — AI-powered capabilities across Azure Boards, Azure Pipelines, and GitHub. From Microsoft Build 2026.",https://github.com/microsoft/Build26-BRK202-azure-devops-meets-github-the-path-to-ai-powered-sdlc,7,0,7,0,Other,"agentic-devops,azure-boards,azure-devops,azure-pipelines,build-2026,github,microsoft-build",1682,MIT,2026-04-10T22:38:47Z,2026-06-08T03:32:19Z,2026-06-05T18:21:31Z,False,False
WSL,microsoft/WSL,Windows Subsystem for Linux,https://github.com/microsoft/WSL,32597,1753,32597,941,C++,,60675,MIT,2016-04-06T17:32:56Z,2026-06-08T03:32:09Z,2026-06-08T03:43:34Z,False,False
rayfin,microsoft/rayfin,"Backend-as-a-Service with built-in auth, data, and more",https://github.com/microsoft/rayfin,424,35,424,12,Other,,23,MIT,2026-05-13T16:36:21Z,2026-06-08T03:30:04Z,2026-06-02T18:55:16Z,False,False
Generative-AI-for-beginners-dotnet,microsoft/Generative-AI-for-beginners-dotnet,"Five lessons, learn how to really apply AI to your .NET Applications",https://github.com/microsoft/Generative-AI-for-beginners-dotnet,2792,2023,2792,7,C#,"ai,azure-ai,codespaces,github-models,semantic-kernel",208993,MIT,2025-01-10T19:32:34Z,2026-06-08T03:28:04Z,2026-06-01T18:45:44Z,False,False
winget-cli,microsoft/winget-cli,"WinGet is the Windows Package Manager. This project includes a CLI (Command Line Interface), PowerShell modules, and a COM (Component Object Model) API (Application Programming Interface).",https://github.com/microsoft/winget-cli,25984,1748,25984,1285,C++,"command-line,package-manager,windows,winget",44702,MIT,2019-07-16T22:16:49Z,2026-06-08T03:27:29Z,2026-06-05T00:30:50Z,False,False
fluentui-system-icons,microsoft/fluentui-system-icons,"Fluent System Icons are a collection of familiar, friendly and modern icons from Microsoft.",https://github.com/microsoft/fluentui-system-icons,10606,782,10606,199,HTML,"android,design,fluent,flutter,icons,ios,react",829437,MIT,2020-05-12T21:05:57Z,2026-06-08T03:23:28Z,2026-06-01T21:44:49Z,False,False
autogen,microsoft/autogen,A programming framework for agentic AI,https://github.com/microsoft/autogen,58756,8873,58756,877,Python,"agentic,agentic-agi,agents,ai,autogen,autogen-ecosystem,chatgpt,framework,llm-agent,llm-framework",148692,CC-BY-4.0,2023-08-18T11:43:45Z,2026-06-08T03:22:34Z,2026-04-15T11:59:09Z,False,False
DiagManager,microsoft/DiagManager,Pssdiag/Sqldiag Manager is a graphic interface that provides customization capabilities to collect data for SQL Server using sqldiag collector engine. The data collected can be used by SQL Nexus tool ,https://github.com/microsoft/DiagManager,268,93,268,0,TSQL,,6924,NOASSERTION,2016-10-19T15:12:24Z,2026-06-08T03:21:03Z,2025-10-20T12:59:49Z,False,True
data-formulator,microsoft/data-formulator,🪄 Create rich visualizations with AI ,https://github.com/microsoft/data-formulator,15805,1485,15805,71,TypeScript,,33709,MIT,2024-06-07T23:01:51Z,2026-06-08T03:18:03Z,2026-06-06T06:02:00Z,False,False
sbi,microsoft/sbi,Secure Base Image recommendations,https://github.com/microsoft/sbi,7,0,7,0,Go,,294,MIT,2026-02-25T16:46:46Z,2026-06-08T03:16:16Z,2026-06-08T03:16:12Z,False,False
quicksand,microsoft/quicksand,Quickly sandbox your AI agent.,https://github.com/microsoft/quicksand,16,2,16,0,Python,,6444,MIT,2026-04-14T18:50:56Z,2026-06-08T03:15:19Z,2026-06-04T21:11:10Z,False,False
UFO,microsoft/UFO,UFO³: Weaving the Digital Agent Galaxy,https://github.com/microsoft/UFO,8909,1029,8909,73,Python,"agent,automation,copilot,gui,llm,windows",103137,MIT,2024-01-08T05:07:52Z,2026-06-08T03:15:16Z,2026-06-06T08:11:38Z,False,False
presidio,microsoft/presidio,"An open-source framework for detecting, redacting, masking, and anonymizing sensitive data (PII) across text, images, and structured data. Supports NLP, pattern matching, and customizable pipelines.",https://github.com/microsoft/presidio,8490,1090,8490,81,Python,"anonymization,data-anonymization,data-masking,data-obfuscation,data-privacy,data-redaction,de-identification,guardrails,image-redactor,named-entity-recognition,nlp,personally-identifiable-information,phi,pii,pii-detection,privacy,python,sensitive-data,spacy,transformers",326148,MIT,2018-05-04T11:08:58Z,2026-06-08T03:14:03Z,2026-06-07T09:11:18Z,False,False
DirectXTex,microsoft/DirectXTex,DirectXTex texture processing library,https://github.com/microsoft/DirectXTex,2110,483,2110,44,C++,"cpp,cpp-library,dds,direct3d,direct3d-texture-resources,directx,directx-11,directx-12,directxtex,microsoft,textures,wic-codec,xbox",6582,MIT,2015-04-09T19:37:02Z,2026-06-08T03:11:58Z,2026-06-06T07:13:20Z,False,False
Agent-Framework-Samples,microsoft/Agent-Framework-Samples,Agent Framework Samples  - showcasing ways in which agent framework can be utilized.,https://github.com/microsoft/Agent-Framework-Samples,299,128,299,26,Jupyter Notebook,"agent-framework,agents",52918,MIT,2025-09-26T08:07:22Z,2026-06-08T03:10:39Z,2026-06-06T03:29:16Z,False,False
TRELLIS,microsoft/TRELLIS,"Official repo for paper ""Structured 3D Latents for Scalable and Versatile 3D Generation"" (CVPR'25 Spotlight).",https://github.com/microsoft/TRELLIS,12843,1241,12843,253,Python,"3d,3d-aigc,3d-generation,image-to-3d,text-to-3d",1125587,MIT,2024-12-02T05:44:19Z,2026-06-08T03:10:23Z,2025-11-05T13:18:15Z,False,False
playwright-python,microsoft/playwright-python,Python version of the Playwright testing and automation library.,https://github.com/microsoft/playwright-python,14725,1177,14725,26,Python,"chromium,firefox,playwright,webkit",9295,Apache-2.0,2020-07-01T15:28:13Z,2026-06-08T03:07:48Z,2026-05-18T16:34:08Z,False,False
Web-Dev-For-Beginners,microsoft/Web-Dev-For-Beginners,"24 Lessons, 12 Weeks, Get Started as a Web Developer",https://github.com/microsoft/Web-Dev-For-Beginners,95872,15589,95872,70,JavaScript,"css,curriculum,education,html,javascript,learning,microsoft-for-beginners,tutorials",2204541,MIT,2020-11-10T02:44:00Z,2026-06-08T03:07:35Z,2026-06-05T19:17:29Z,False,False
vscode-extension-samples,microsoft/vscode-extension-samples,Sample code illustrating the VS Code extension API.,https://github.com/microsoft/vscode-extension-samples,10088,3884,10088,71,TypeScript,,107591,MIT,2015-11-05T10:14:11Z,2026-06-08T03:04:56Z,2026-06-02T20:35:54Z,False,False
presidio-research,microsoft/presidio-research,"This package features data-science related tasks for developing new recognizers for Presidio. It is used for the evaluation of the entire system, as well as for evaluating specific PII recognizers or ",https://github.com/microsoft/presidio-research,287,76,287,8,Jupyter Notebook,"deep-learning,flair,machine-learning,named-entity-recognition,natural-language-processing,ner,nlp,pii,privacy,spacy,transformers",15715,MIT,2020-01-05T16:35:12Z,2026-06-08T03:04:39Z,2026-05-24T12:41:54Z,False,False
awesome-rayfin,microsoft/awesome-rayfin,Community-driven templates for Rayfin,https://github.com/microsoft/awesome-rayfin,46,7,46,4,TypeScript,,517,MIT,2026-05-22T21:28:57Z,2026-06-08T03:02:44Z,2026-06-05T22:05:39Z,False,False
apm-action,microsoft/apm-action,GitHub Action for Agent Package Manager,https://github.com/microsoft/apm-action,18,3,18,3,TypeScript,,1916,MIT,2026-03-05T20:19:35Z,2026-06-08T02:59:25Z,2026-05-19T06:52:50Z,False,False
windows-rs,microsoft/windows-rs,Rust for Windows,https://github.com/microsoft/windows-rs,12381,621,12381,47,Rust,"rust,windows",1195980,Apache-2.0,2019-09-12T17:03:25Z,2026-06-08T02:56:42Z,2026-06-08T00:21:01Z,False,False
agent-governance-toolkit,microsoft/agent-governance-toolkit,"AI Agent Governance Toolkit — Policy enforcement, zero-trust identity, execution sandboxing, and reliability engineering for autonomous AI agents. Covers 10/10 OWASP Agentic Top 10.",https://github.com/microsoft/agent-governance-toolkit,4104,563,4104,49,Python,"agent-framework,ai-agents,ai-safety,compliance,governance,microsoft,owasp,policy-engine,python,security,trust,zero-trust",34928,MIT,2026-03-02T22:11:47Z,2026-06-08T02:54:50Z,2026-06-08T01:40:10Z,False,False
vscode-java-test,microsoft/vscode-java-test,Run and debug Java test cases in Visual Studio Code.,https://github.com/microsoft/vscode-java-test,333,165,333,106,TypeScript,"java,junit,test,testng,vscode",11532,NOASSERTION,2017-11-13T08:40:43Z,2026-06-08T02:51:38Z,2026-06-08T02:51:40Z,False,False
Detours,microsoft/Detours,Detours is a software package for monitoring and instrumenting API calls on Windows.  It is distributed in source code form.,https://github.com/microsoft/Detours,6281,1153,6281,86,C++,"hacktoberfest,microsoft",550,MIT,2016-10-19T21:59:40Z,2026-06-08T02:50:52Z,2026-05-22T23:48:33Z,False,False
vcpkg,microsoft/vcpkg,"C++ Library Manager for Windows, Linux, and MacOS",https://github.com/microsoft/vcpkg,27132,7552,27132,1241,CMake,"c,cmake,cplusplus,cpp,libraries,package-manager,packages,vcpkg,visual-studio,windows",107897,MIT,2016-09-15T16:40:50Z,2026-06-08T02:48:15Z,2026-06-06T17:10:05Z,False,False
testfx,microsoft/testfx,"This repository holds the source code of Microsoft.Testing.Platform (MTP), a lightweight alternative to VSTest, as well as MSTest adapter and framework.",https://github.com/microsoft/testfx,1017,296,1017,102,C#,"dotnet,microsoft,microsoft-testing-platform,mstest,mstestv2,mstestv3,mstestv4,mtp,tdd,test,test-framework,test-runner,testing,testing-tools,unittest,visual-studio",68873,MIT,2016-08-06T12:03:38Z,2026-06-08T02:42:35Z,2026-06-08T03:04:18Z,False,False
skills-for-fabric,microsoft/skills-for-fabric,"A collection of skills and MCP systems to enable users of CLI, VSCode, Claude to operate over Microsoft Fabric",https://github.com/microsoft/skills-for-fabric,421,91,421,13,Shell,,1290,MIT,2026-02-17T20:02:53Z,2026-06-08T02:39:11Z,2026-06-07T11:25:19Z,False,False
ParrotServe,microsoft/ParrotServe,[OSDI'24] Serving LLM-based Applications Efficiently with Semantic Variable,https://github.com/microsoft/ParrotServe,221,14,221,2,Python,,61533,MIT,2023-12-18T08:38:30Z,2026-06-08T02:37:50Z,2024-09-21T19:50:47Z,False,False
TypeScript,microsoft/TypeScript,TypeScript is a superset of JavaScript that compiles to clean JavaScript output.,https://github.com/microsoft/TypeScript,109158,13438,109158,5042,TypeScript,"javascript,language,typechecker,typescript",2960435,Apache-2.0,2014-06-17T15:28:39Z,2026-06-08T02:37:30Z,2026-06-08T00:54:56Z,False,False
conductor,microsoft/conductor,A CLI tool for defining and running multi-agent workflows with the GitHub Copilot SDK and Anthropic Agents SDK.,https://github.com/microsoft/conductor,211,26,211,27,Python,,4796,MIT,2026-02-02T14:29:41Z,2026-06-08T02:37:25Z,2026-06-05T13:27:04Z,False,False
aspire-skills,microsoft/aspire-skills,"Official Aspire skills and plugins for AI coding agents to initialize, wire, orchestrate, monitor, and deploy distributed apps.",https://github.com/microsoft/aspire-skills,47,2,47,7,TypeScript,"ai,ai-agents,ai-coding-agents,ai-skills,ai-tools,aspire,coding-agents,developer-tools,distributed-applications,github-copilot,official,skills",1001,MIT,2026-05-08T16:18:03Z,2026-06-08T02:37:17Z,2026-06-05T19:10:15Z,False,False
ai-dev-gallery,microsoft/ai-dev-gallery,An open-source project for Windows developers to learn how to add AI with local models and APIs to Windows apps.,https://github.com/microsoft/ai-dev-gallery,1463,217,1463,71,C#,"ai,csharp,developer-tools,directml,dotnet,genai,mistral,npu,onnx,onnxruntime,onnxruntime-genai,phi3,qnn,stable-diffusion,visual-studio,whisper,winappsdk,windows,winui3,wpf",72997,MIT,2024-11-06T19:01:36Z,2026-06-08T02:36:12Z,2026-06-08T02:35:52Z,False,False
mattergen,microsoft/mattergen,Official implementation of MatterGen -- a generative model for inorganic materials design across the periodic table that can be fine-tuned to steer the generation towards a wide range of property cons,https://github.com/microsoft/mattergen,1720,329,1720,12,Python,"generative-ai,materials-design,materials-science",3389,MIT,2024-11-27T11:09:38Z,2026-06-08T02:35:34Z,2026-02-27T17:17:33Z,False,False
AIforITOps,microsoft/AIforITOps,Workshop for IT/Ops teams to learn how to manage AI-enabled applications on Microsoft Azure.,https://github.com/microsoft/AIforITOps,137,44,137,0,C#,,9669,MIT,2025-11-17T21:40:29Z,2026-06-08T02:34:47Z,2026-06-05T22:25:24Z,False,False
unilm,microsoft/unilm,"Large-scale Self-supervised Pre-training Across Tasks, Languages, and Modalities",https://github.com/microsoft/unilm,22145,2696,22145,680,Python,"beit,beit-3,bitnet,deepnet,document-ai,foundation-models,kosmos,kosmos-1,layoutlm,layoutxlm,llm,minilm,mllm,multimodal,nlp,pre-trained-model,textdiffuser,trocr,unilm,xlm-e",77210,MIT,2019-07-23T04:15:28Z,2026-06-08T02:33:41Z,2026-01-23T04:09:35Z,False,False
LatentSpatialMemory,microsoft/LatentSpatialMemory,Latent Spatial Memory for Video World Models,https://github.com/microsoft/LatentSpatialMemory,10,0,10,1,Other,,101366,MIT,2026-05-01T00:50:32Z,2026-06-08T02:30:08Z,2026-06-03T18:21:38Z,False,False
apm,microsoft/apm,Agent Package Manager,https://github.com/microsoft/apm,2783,229,2783,103,Python,"ai-agents,claude-code,codex-cli,context-engineering,github-copilot,package-manager,prompt-engineering",26443,MIT,2025-09-18T13:45:22Z,2026-06-08T02:29:18Z,2026-06-07T17:35:26Z,False,False
powerbi-modeling-mcp,microsoft/powerbi-modeling-mcp,"The Power BI Modeling MCP Server, brings Power BI semantic modeling capabilities to your AI agents.",https://github.com/microsoft/powerbi-modeling-mcp,831,155,831,51,Other,,2696,MIT,2025-10-16T08:48:43Z,2026-06-08T02:24:25Z,2026-05-28T08:41:38Z,False,False
msccl,microsoft/msccl,Microsoft Collective Communication Library,https://github.com/microsoft/msccl,391,34,391,11,C++,,3099,NOASSERTION,2021-07-30T00:30:34Z,2026-06-08T02:21:23Z,2023-09-20T18:07:15Z,False,False
wil,microsoft/wil,Windows Implementation Library,https://github.com/microsoft/wil,2941,289,2941,141,C++,,2261,MIT,2018-11-07T22:05:06Z,2026-06-08T02:17:03Z,2026-05-01T16:38:20Z,False,False
Planetary-Explorer,microsoft/Planetary-Explorer,An AI powered geospatial application that allows you to explore and visualize Earth science data using natural language.,https://github.com/microsoft/Planetary-Explorer,165,46,165,1,Python,,105670,MIT,2025-09-15T16:46:22Z,2026-06-08T02:16:02Z,2026-06-01T23:48:22Z,False,False
wslg,microsoft/wslg,Enabling the Windows Subsystem for Linux to include support for Wayland and X server related scenarios,https://github.com/microsoft/wslg,11681,419,11681,680,C++,,2051,MIT,2021-03-11T23:41:15Z,2026-06-08T02:14:02Z,2026-06-05T20:56:26Z,False,False
advanced-formula-environment,microsoft/advanced-formula-environment,"Create, edit, and reuse formulas in Excel",https://github.com/microsoft/advanced-formula-environment,126,13,126,57,Other,"excel,office-addin",42,MIT,2022-01-25T10:53:13Z,2026-06-08T02:13:24Z,2022-12-08T10:33:22Z,False,False
Sims,microsoft/Sims,A lightweight web client for Interactive Geospatial Feature Discovery.,https://github.com/microsoft/Sims,50,4,50,21,Python,,4419,MIT,2024-09-12T07:59:49Z,2026-06-08T02:13:13Z,2026-03-06T03:11:56Z,False,False
teams.ts,microsoft/teams.ts,Aa suite of packages used to build on the Teams Platform.,https://github.com/microsoft/teams.ts,99,34,99,28,TypeScript,,27202,MIT,2025-01-23T05:34:36Z,2026-06-08T02:12:52Z,2026-06-08T03:30:20Z,False,False
vscode-copilot-chat,microsoft/vscode-copilot-chat,Copilot Chat extension for VS Code,https://github.com/microsoft/vscode-copilot-chat,9945,1965,9945,256,TypeScript,,86542,MIT,2025-06-10T16:21:19Z,2026-06-08T02:12:12Z,2026-05-20T10:23:40Z,False,True
godot-csharp-essentials,microsoft/godot-csharp-essentials,This repository hosts course material designed for C# developers who want to learn game development using the Godot Engine.,https://github.com/microsoft/godot-csharp-essentials,320,17,320,1,C#,,4480,MIT,2025-07-24T20:04:31Z,2026-06-08T02:10:56Z,2026-01-16T01:07:18Z,False,False
microsoft-ui-reactor,microsoft/microsoft-ui-reactor,Reactor is an experimental set of extensions to WinUI,https://github.com/microsoft/microsoft-ui-reactor,432,23,432,55,C#,,36405,MIT,2026-04-16T21:22:49Z,2026-06-08T02:10:03Z,2026-06-08T04:31:20Z,False,False
aurora,microsoft/aurora,Implementation of the Aurora model for Earth system forecasting,https://github.com/microsoft/aurora,912,150,912,60,Python,"atmospheric-chemistry,aurora-model,deep-learning,foundation-models,ocean-waves,tropical-cyclone-tracking,weather-prediction",21300,NOASSERTION,2024-07-15T14:23:39Z,2026-06-08T02:09:48Z,2025-11-20T08:19:06Z,False,False
Employee-Self-Service-Agent-Developer-Kit,microsoft/Employee-Self-Service-Agent-Developer-Kit,Customize your Employee Self-Service (ESS) agent using GitHub Copilot,https://github.com/microsoft/Employee-Self-Service-Agent-Developer-Kit,12,6,12,30,Python,,2669,MIT,2026-04-08T17:06:01Z,2026-06-08T02:09:37Z,2026-06-08T04:17:17Z,False,False
vsmarketplace,microsoft/vsmarketplace,Customer feedback and issue tracker repository for Visual Studio Marketplace,https://github.com/microsoft/vsmarketplace,188,36,188,139,PowerShell,,1970,MIT,2021-02-18T15:38:06Z,2026-06-08T02:07:34Z,2026-06-08T02:07:32Z,False,False
OmniParser,microsoft/OmniParser,A simple screen parsing tool towards pure vision based GUI agent,https://github.com/microsoft/OmniParser,24865,2178,24865,231,Jupyter Notebook,,51971,CC-BY-4.0,2024-09-20T05:18:18Z,2026-06-08T02:07:20Z,2026-04-13T23:45:39Z,False,False
ELL,microsoft/ELL,Embedded Learning Library,https://github.com/microsoft/ELL,2303,293,2303,33,C++,,33415,NOASSERTION,2016-09-27T19:12:29Z,2026-06-08T02:05:48Z,2024-06-01T16:49:37Z,False,True
Get-ExchangeBuildNumber,microsoft/Get-ExchangeBuildNumber,You can search build numbers of Exchange Server.,https://github.com/microsoft/Get-ExchangeBuildNumber,20,7,20,0,PowerShell,,51,MIT,2016-09-03T07:10:53Z,2026-06-08T02:04:29Z,2026-06-08T02:04:24Z,False,False
uutils-coreutils,microsoft/uutils-coreutils,(Temporary) Fork of https://github.com/uutils/coreutils,https://github.com/microsoft/uutils-coreutils,11,0,11,0,Rust,,40353,MIT,2026-05-11T16:15:48Z,2026-06-08T02:04:17Z,2026-06-01T14:44:32Z,True,False
low-latency-audio,microsoft/low-latency-audio,ASIO driver development for Windows,https://github.com/microsoft/low-latency-audio,132,9,132,5,C++,,1465,MIT,2024-06-14T15:55:28Z,2026-06-08T01:59:14Z,2026-06-04T08:56:19Z,False,False
DebugMCP,microsoft/DebugMCP,"Gift your VS Code agent a real debugger: breakpoints, stepping, inspection.",https://github.com/microsoft/DebugMCP,369,33,369,30,TypeScript,"ai-agent,ai-debugging,breakpoints,copilot,cursor,debugger,llm,mcp,model-context-protocol,vscode-extension",35075,MIT,2025-09-30T14:04:04Z,2026-06-08T01:54:01Z,2026-06-04T20:43:19Z,False,False
CsWin32,microsoft/CsWin32,A source generator to add a user-defined set of Win32 P/Invoke methods and supporting types to a C# project.,https://github.com/microsoft/CsWin32,2497,122,2497,146,C#,,6649,MIT,2020-12-01T18:59:20Z,2026-06-08T01:47:31Z,2026-06-03T02:45:23Z,False,False
WindowsAgentArena,microsoft/WindowsAgentArena,Windows Agent Arena (WAA) 🪟 is a scalable OS platform for testing and benchmarking of multi-modal AI agents.,https://github.com/microsoft/WindowsAgentArena,865,94,865,35,Python,"agentic,ai,ai-agent,ai-benchmark,ai-research,computer,computer-use,desktop-agent,windows",200303,MIT,2024-07-29T15:31:40Z,2026-06-08T01:45:44Z,2026-04-13T19:58:37Z,False,False
bioemu,microsoft/bioemu,Inference code for scalable emulation of protein equilibrium ensembles with generative deep learning,https://github.com/microsoft/bioemu,826,141,826,0,Python,,35220,MIT,2024-12-17T16:25:33Z,2026-06-08T01:42:25Z,2026-05-28T09:22:29Z,False,False
agent-academy,microsoft/agent-academy,Curated lessons on getting started building agents with Copilot Studio,https://github.com/microsoft/agent-academy,2682,180,2682,183,JavaScript,"agents,copilot",4224679,MIT,2025-03-11T19:07:11Z,2026-06-08T01:42:12Z,2026-06-08T01:42:08Z,False,False
MixedReality-GraphicsTools-Unreal,microsoft/MixedReality-GraphicsTools-Unreal,Graphics tools and components for developing Mixed Reality applications in Unreal Engine.,https://github.com/microsoft/MixedReality-GraphicsTools-Unreal,125,25,125,0,C++,"augmented-reality,mixed-reality,mixedrealitytoolkit,mrtk,unreal,virtual-reality,vr",54469,MIT,2020-09-30T21:59:39Z,2026-06-08T01:40:15Z,2024-10-05T00:07:34Z,False,True
VITRA,microsoft/VITRA,[ICRA 2026] VITRA: Scalable Vision-Language-Action Model Pretraining for Robotic Manipulation with Real-Life Human Activity Videos,https://github.com/microsoft/VITRA,389,27,389,17,Python,,95032,MIT,2025-10-26T09:53:28Z,2026-06-08T01:38:41Z,2026-05-12T09:32:56Z,False,False
node-pty,microsoft/node-pty,Fork pseudoterminals in Node.JS,https://github.com/microsoft/node-pty,1956,317,1956,42,TypeScript,"conpty,forkpty,openpty,pseudoterminal,pty,terminal,winpty",12289,NOASSERTION,2016-05-20T19:32:13Z,2026-06-08T01:37:47Z,2026-06-03T18:05:01Z,False,False
NUWA,microsoft/NUWA,A unified 3D Transformer Pipeline for visual synthesis,https://github.com/microsoft/NUWA,2799,164,2799,16,Other,,308909,None,2021-11-03T09:10:37Z,2026-06-08T01:34:49Z,2023-05-29T09:07:41Z,False,False
JARVIS,microsoft/JARVIS,"JARVIS, a system to connect LLMs with ML community. Paper: https://arxiv.org/pdf/2303.17580.pdf",https://github.com/microsoft/JARVIS,24823,2137,24823,2815,Python,"deep-learning,platform,pytorch",41674,MIT,2023-03-30T02:57:12Z,2026-06-08T01:31:28Z,2025-07-29T13:44:13Z,False,False
ARI,microsoft/ARI,Azure Resource Inventory - It's a Powerful tool to create EXCEL inventory from Azure Resources with low effort,https://github.com/microsoft/ARI,1634,508,1634,7,PowerShell,"architecture,azure,azure-cloudshell,azure-inventory,azure-resource-inventory,cloud,documentation,importexcel,inventory,powershell",7419,MIT,2020-12-03T22:50:08Z,2026-06-08T01:22:18Z,2026-06-02T12:31:49Z,False,False
rho,microsoft/rho,Repo for Rho-1: Token-level Data Selection & Selective Pretraining of LLMs.,https://github.com/microsoft/rho,468,13,468,6,Other,,3835,MIT,2024-04-09T02:45:25Z,2026-06-08T01:21:09Z,2024-04-18T07:28:16Z,False,False
Data-Science-For-Beginners,microsoft/Data-Science-For-Beginners,"10 Weeks, 20 Lessons, Data Science for All!",https://github.com/microsoft/Data-Science-For-Beginners,35562,7238,35562,4,Jupyter Notebook,"data-analysis,data-science,data-visualization,microsoft-for-beginners,pandas,python",1873708,MIT,2021-03-03T16:30:15Z,2026-06-08T01:19:26Z,2026-06-03T21:48:11Z,False,False
Build26-DEM333-how-foundry-integrates-with-open-source-frameworks-and-tools,microsoft/Build26-DEM333-how-foundry-integrates-with-open-source-frameworks-and-tools,"Demo building a practical agent using open-source tools then operationalizing in Microsoft Foundry — MCP, Playwright, OpenTelemetry, Responses API, and A2A agent communication. From Microsoft Build 20",https://github.com/microsoft/Build26-DEM333-how-foundry-integrates-with-open-source-frameworks-and-tools,4,1,4,2,Python,"a2a-protocol,azure-ai-foundry,build-2026,mcp,microsoft-build,open-source,opentelemetry",560,MIT,2026-04-09T23:29:59Z,2026-06-08T01:17:18Z,2026-06-08T00:35:22Z,False,False
azure-pipelines-tasks,microsoft/azure-pipelines-tasks,Tasks for Azure Pipelines,https://github.com/microsoft/azure-pipelines-tasks,3645,2688,3645,507,TypeScript,,770259,MIT,2014-12-06T11:11:46Z,2026-06-08T01:17:10Z,2026-06-08T02:40:36Z,False,False
qdk-ec,microsoft/qdk-ec,,https://github.com/microsoft/qdk-ec,27,7,27,15,Rust,,2673,MIT,2025-12-09T18:56:17Z,2026-06-08T01:16:32Z,2026-06-08T02:56:15Z,False,False
vscode-mssql,microsoft/vscode-mssql,Visual Studio Code SQL Server extension.,https://github.com/microsoft/vscode-mssql,1880,589,1880,180,TypeScript,,167644,NOASSERTION,2016-06-26T04:38:04Z,2026-06-08T01:15:51Z,2026-06-08T01:20:08Z,False,False
amplifier-foundation,microsoft/amplifier-foundation,Foundation library for the Amplifier project,https://github.com/microsoft/amplifier-foundation,16,17,16,25,Python,,12400,MIT,2025-12-09T22:41:57Z,2026-06-08T01:15:39Z,2026-06-03T18:08:23Z,False,False
amplifier-app-cli,microsoft/amplifier-app-cli,Reference implementation of CLI interface for Amplifier project,https://github.com/microsoft/amplifier-app-cli,19,25,19,13,Python,,2467,MIT,2025-10-08T20:03:06Z,2026-06-08T01:15:28Z,2026-06-02T22:27:18Z,False,False
amplifier-core,microsoft/amplifier-core,,https://github.com/microsoft/amplifier-core,23,23,23,9,Rust,,2709,MIT,2025-09-30T18:50:10Z,2026-06-08T01:15:13Z,2026-06-05T16:09:18Z,False,False
mimalloc,microsoft/mimalloc,mimalloc is a compact general purpose allocator with excellent performance.,https://github.com/microsoft/mimalloc,13070,1119,13070,407,C,,9331,MIT,2019-06-19T21:14:44Z,2026-06-08T01:14:22Z,2026-05-08T18:48:09Z,False,False
BCTech,microsoft/BCTech,Business Central technology samples,https://github.com/microsoft/BCTech,730,382,730,85,AL,"al-language,bcopensource,dynamics-365,dynamics-365-bc,dynamics-365-business-central",1952327,MIT,2018-11-15T09:56:08Z,2026-06-08T01:14:18Z,2026-06-08T01:14:14Z,False,False
amplifier-bundle-context-intelligence,microsoft/amplifier-bundle-context-intelligence,Context Intelligence bundle for the Amplifier project,https://github.com/microsoft/amplifier-bundle-context-intelligence,1,0,1,5,Python,,3783,MIT,2026-03-25T13:10:04Z,2026-06-08T01:13:22Z,2026-06-08T00:58:40Z,False,False
lisa,microsoft/lisa,"LISA is developed and maintained by Microsoft, to empower Linux validation.",https://github.com/microsoft/lisa,330,235,330,74,Python,"automation-framework,azure,cloudtesting,e2e-testing,hyperv,linux,linux-compatibility,testing",33153,MIT,2019-03-09T00:23:37Z,2026-06-08T01:11:25Z,2026-06-08T01:11:22Z,False,False
DirectXTK,microsoft/DirectXTK,The DirectX Tool Kit (aka DirectXTK) is a collection of helper classes for writing DirectX 11.x code in C++,https://github.com/microsoft/DirectXTK,2816,531,2816,32,C++,"cpp-library,desktop,directx,directx-11,directxtk,graphics,microsoft,uwp,xbox",9723,MIT,2015-04-09T19:38:28Z,2026-06-08T01:10:48Z,2026-06-06T20:53:37Z,False,False
Swin-Transformer,microsoft/Swin-Transformer,"This is an official implementation for ""Swin Transformer: Hierarchical Vision Transformer using Shifted Windows"".",https://github.com/microsoft/Swin-Transformer,15954,2222,15954,204,Python,"ade20k,image-classification,imagenet,mask-rcnn,mscoco,object-detection,semantic-segmentation,swin-transformer",1099,MIT,2021-03-25T12:42:36Z,2026-06-08T01:09:56Z,2024-07-24T17:09:57Z,False,False
Microsoft-Win32-Content-Prep-Tool,microsoft/Microsoft-Win32-Content-Prep-Tool,A tool to wrap Win32 App and then it can be uploaded to Intune,https://github.com/microsoft/Microsoft-Win32-Content-Prep-Tool,1451,285,1451,32,Other,,282,None,2019-01-29T00:24:38Z,2026-06-08T01:08:43Z,2026-03-20T19:35:59Z,False,False
call-center-ai,microsoft/call-center-ai,"Send a phone call from AI agent, in an API call. Or, directly call the bot from the configured phone number!",https://github.com/microsoft/call-center-ai,6498,774,6498,44,Python,,190751,Apache-2.0,2024-01-09T10:03:55Z,2026-06-08T01:08:37Z,2026-05-20T22:31:45Z,False,False
Quantum,microsoft/Quantum,Microsoft Quantum Development Kit Samples,https://github.com/microsoft/Quantum,4037,942,4037,53,Jupyter Notebook,"python,qdk,qsharp,quantum,quantum-computing,quantum-development-kit",33395,MIT,2017-11-08T23:24:33Z,2026-06-08T01:05:21Z,2024-01-12T17:50:28Z,False,True
TypeScript-Website,microsoft/TypeScript-Website,The Website and web infrastructure for learning TypeScript,https://github.com/microsoft/TypeScript-Website,2527,1503,2527,196,TypeScript,,118102,CC-BY-4.0,2019-06-26T23:47:29Z,2026-06-08T01:00:58Z,2026-06-05T15:43:30Z,False,False
duroxide,microsoft/duroxide,,https://github.com/microsoft/duroxide,135,52,135,18,Rust,,5780,MIT,2026-02-13T17:42:53Z,2026-06-08T00:52:34Z,2026-06-08T02:51:25Z,False,False
c2pa-extension-validator,microsoft/c2pa-extension-validator,Browser extension to validate C2PA digital assets,https://github.com/microsoft/c2pa-extension-validator,18,5,18,10,TypeScript,,57126,MIT,2024-02-21T19:49:14Z,2026-06-08T00:52:05Z,2024-09-24T00:42:04Z,False,False
memento,microsoft/memento,,https://github.com/microsoft/memento,486,43,486,1,Python,,11410,MIT,2026-03-18T16:50:02Z,2026-06-08T00:47:55Z,2026-04-08T23:52:13Z,False,False
mcs-labs,microsoft/mcs-labs,,https://github.com/microsoft/mcs-labs,116,84,116,16,HTML,,205105,MIT,2025-06-06T13:26:27Z,2026-06-08T00:44:05Z,2026-06-07T08:41:44Z,False,False
CyberBattleSim,microsoft/CyberBattleSim,An experimentation and research platform to investigate the interaction of automated agents in an abstract simulated network environments.,https://github.com/microsoft/CyberBattleSim,1773,282,1773,19,Jupyter Notebook,,52489,MIT,2020-11-17T23:18:59Z,2026-06-08T00:39:37Z,2026-04-21T18:27:39Z,False,False
azure-devops-mcp,microsoft/azure-devops-mcp,"The MCP server for Azure DevOps, bringing the power of Azure DevOps directly to your agents.",https://github.com/microsoft/azure-devops-mcp,1772,568,1772,9,TypeScript,,40165,MIT,2025-05-15T13:12:42Z,2026-06-08T00:38:41Z,2026-06-05T15:24:37Z,False,False
entrabot,microsoft/entrabot,Give a device-local AI agent its own Microsoft Entra identity. Reference implementation for Microsoft Agent 365 and Entra Agent ID.,https://github.com/microsoft/entrabot,0,1,0,1,Python,"a365,agent-365,agent-identity,agents,claude,copilot,entra-id,fastmcp,mcp,mcp-server,microsoft,python,teams",21336,MIT,2026-05-26T20:07:04Z,2026-06-08T00:32:31Z,2026-06-08T00:52:08Z,False,False
Build26-BRK242-turn-your-agents-into-action-connect-tools-apis-and-documents,microsoft/Build26-BRK242-turn-your-agents-into-action-connect-tools-apis-and-documents,"Resources for connecting agents to the right tools, APIs, and documents with context-aware toolset selection, efficient token usage, and built-in governance. From Microsoft Build 2026.",https://github.com/microsoft/Build26-BRK242-turn-your-agents-into-action-connect-tools-apis-and-documents,5,1,5,3,Python,"ai-agents,api-integration,azure-ai-foundry,build-2026,mcp,microsoft-build,tool-use",3278,MIT,2026-04-10T22:44:22Z,2026-06-08T00:24:43Z,2026-06-04T17:48:58Z,False,False
Build26-BRK241-from-prototype-to-production-build-and-run-agents-at-scale,microsoft/Build26-BRK241-from-prototype-to-production-build-and-run-agents-at-scale,"Engineering patterns for taking AI agents to production — deployment, tools, memory, long-running work, human oversight, and observability at scale. From Microsoft Build 2026.",https://github.com/microsoft/Build26-BRK241-from-prototype-to-production-build-and-run-agents-at-scale,3,0,3,0,Python,"agent-orchestration,ai-agents,azure-ai-foundry,build-2026,microsoft-build,observability,production-ai",1007,MIT,2026-04-10T22:44:09Z,2026-06-08T00:24:18Z,2026-06-04T23:56:47Z,False,False
Build26-BRK240-build-context-aware-agents-from-data-to-decisions,microsoft/Build26-BRK240-build-context-aware-agents-from-data-to-decisions,"Resources for designing agents with Foundry IQ, Fabric IQ, and Work IQ — search across organizational knowledge, reason over business data, and operate within trusted boundaries. From Microsoft Build ",https://github.com/microsoft/Build26-BRK240-build-context-aware-agents-from-data-to-decisions,5,1,5,0,Other,"ai-agents,azure-ai-foundry,build-2026,enterprise-ai,knowledge-graph,microsoft-build,microsoft-fabric",160,MIT,2026-04-10T22:43:54Z,2026-06-08T00:23:06Z,2026-06-02T13:57:41Z,False,False
language-server-protocol,microsoft/language-server-protocol,Defines a common protocol for language servers.,https://github.com/microsoft/language-server-protocol,12873,969,12873,293,HTML,,7496,CC-BY-4.0,2015-09-04T09:24:55Z,2026-06-08T00:23:02Z,2026-06-04T07:01:38Z,False,False
Dataverse-skills,microsoft/Dataverse-skills,"Microsoft Dataverse skills for AI coding agents. Wraps the Dataverse MCP server, Dataverse CLI, Python SDK, and PAC CLI behind specialist skills for building, querying, deploying, and administering Da",https://github.com/microsoft/Dataverse-skills,133,34,133,18,Other,"agent-skills,dataverse,dynamics-365,dynamics-crm,mcp,mcp-server,plugin,power-platform",530,MIT,2026-03-11T23:00:58Z,2026-06-08T00:14:11Z,2026-06-08T00:15:18Z,False,False
ai-agent-runbooks,microsoft/ai-agent-runbooks,Go-to hub for building and deploying production-ready AI Agent solutions,https://github.com/microsoft/ai-agent-runbooks,22,4,22,1,HTML,,169204,MIT,2026-03-20T20:52:58Z,2026-06-08T00:11:44Z,2026-06-04T22:23:37Z,False,False
qdk-chemistry,microsoft/qdk-chemistry,A high-performance toolkit for quantum and classical chemistry calculations.,https://github.com/microsoft/qdk-chemistry,50,21,50,59,C++,"quantum-chemistry,quantum-computing",49069,MIT,2025-10-14T23:14:28Z,2026-06-08T00:10:07Z,2026-06-08T00:10:04Z,False,False
verified-storage,microsoft/verified-storage,Storage systems with verified correctness properties,https://github.com/microsoft/verified-storage,68,24,68,1,Rust,,151335,MIT,2023-06-13T19:03:44Z,2026-06-08T00:09:00Z,2026-05-28T18:02:51Z,False,False
Build26-DEM346-whats-new-in-windows-subsystem-for-linux,microsoft/Build26-DEM346-whats-new-in-windows-subsystem-for-linux,"Demo resources covering the latest WSL features including WSL Containers — packaging Linux apps as Windows executables, GPU-accelerated ML workloads, and containerized web apps. From Microsoft Build 2",https://github.com/microsoft/Build26-DEM346-whats-new-in-windows-subsystem-for-linux,12,0,12,0,Vue,"build-2026,containers,gpu-computing,linux,microsoft-build,windows-subsystem-for-linux,wsl",61102,MIT,2026-04-09T23:30:57Z,2026-06-07T23:56:57Z,2026-06-04T23:59:32Z,False,False
TinyTroupe,microsoft/TinyTroupe,LLM-powered multiagent persona simulation for imagination enhancement and business insights.,https://github.com/microsoft/TinyTroupe,7465,661,7465,18,Jupyter Notebook,,106412,MIT,2024-03-25T00:44:36Z,2026-06-07T23:56:46Z,2026-05-07T18:49:53Z,False,False
PromptWizard,microsoft/PromptWizard,Task-Aware Agent-driven Prompt Optimization Framework,https://github.com/microsoft/PromptWizard,3874,337,3874,23,Python,,1701,MIT,2024-05-30T08:05:17Z,2026-06-07T23:48:10Z,2025-10-13T21:51:01Z,False,False
Security-101,microsoft/Security-101,"8 Lessons, Kick-start Your Cybersecurity Learning.",https://github.com/microsoft/Security-101,6526,883,6526,1,HTML,"appsec,cia-triad,data-protection,data-security,iam,identity,risk-management,secops,security,threat-modeling,zero-trust",229044,CC0-1.0,2024-01-31T02:05:05Z,2026-06-07T23:32:04Z,2025-12-21T10:07:56Z,False,False
mcp-gateway,microsoft/mcp-gateway,"MCP Gateway is a reverse proxy and management layer for MCP servers, enabling scalable, session-aware stateful routing and lifecycle management of MCP servers in Kubernetes environments.",https://github.com/microsoft/mcp-gateway,679,71,679,13,C#,"ai,api-gateway,arm-deployments,asp-net-core,azure,bicep,cloud-computing,cloud-computing-service,csharp,docker,gateway,infrastructure-as-code,kubernetes,llm,mcp,powershell,restful-api",513,MIT,2025-05-14T18:16:35Z,2026-06-07T23:19:41Z,2026-06-05T21:31:44Z,False,False
github-constellation-software,microsoft/github-constellation-software,A curated public hub of GitHub and GitHub Copilot resources for Constellation Software Inc. (CSI) portfolio companies - maintained by the GitHub @ CSI team at Microsoft.,https://github.com/microsoft/github-constellation-software,1,0,1,0,Other,"ai,github,github-copilot,governance,learn-resources",47,MIT,2026-05-07T17:46:46Z,2026-06-07T23:17:23Z,2026-06-07T14:39:09Z,False,False
promptflow,microsoft/promptflow,"Build high-quality LLM apps - from prototyping, testing to production deployment and monitoring.",https://github.com/microsoft/promptflow,11143,1106,11143,83,Python,"ai,ai-application-development,ai-applications,chatgpt,gpt,llm,prompt,prompt-engineering",173695,MIT,2023-06-30T06:03:06Z,2026-06-07T23:15:52Z,2026-06-04T02:58:12Z,False,False
vscode-vsce,microsoft/vscode-vsce,VS Code Extension Manager,https://github.com/microsoft/vscode-vsce,1023,249,1023,55,TypeScript,,3236,NOASSERTION,2015-09-22T10:04:25Z,2026-06-07T23:13:35Z,2026-06-03T21:28:40Z,False,False
Mastering-GitHub-Copilot-for-Paired-Programming,microsoft/Mastering-GitHub-Copilot-for-Paired-Programming,A multi-module course teaching everything you need to know about using GitHub Copilot as an AI Peer Programming resource.,https://github.com/microsoft/Mastering-GitHub-Copilot-for-Paired-Programming,7952,1732,7952,0,Python,"copilot,csharp,dotnet,github,github-copilot,github-copilot-chat,github-copilot-for-azure,github-copilot-free,github-copilot-training,javascript,lab,labs,microsoft,python,sql,tutorial,tutorial-code,tutorial-exercises,visual-studio-code,vscode",151633,MIT,2023-11-29T19:35:47Z,2026-06-07T23:11:00Z,2026-05-18T18:21:19Z,False,False
LMOps,microsoft/LMOps,General technology for enabling AI capabilities w/ LLMs and MLLMs,https://github.com/microsoft/LMOps,4405,373,4405,108,Python,"agi,gpt,language-model,llm,lm,lmops,nlp,pretraining,prompt,promptist,x-prompt",100756,MIT,2022-12-13T12:56:21Z,2026-06-07T23:10:40Z,2026-06-04T01:38:38Z,False,False
fabric-toolbox,microsoft/fabric-toolbox,"Fabric toolbox is a repository of tools, accelerators, scripts, and samples to accelerate your success with Microsoft Fabric, brought to you by Fabric CAT.",https://github.com/microsoft/fabric-toolbox,812,346,812,93,PowerShell,,526681,MIT,2023-06-21T17:05:01Z,2026-06-07T23:10:13Z,2026-06-05T23:33:26Z,False,False
codeql,microsoft/codeql,"CodeQL: the libraries and queries that power security researchers around the world, as well as code scanning in GitHub Advanced Security",https://github.com/microsoft/codeql,27,22,27,34,C#,,442435,MIT,2022-11-15T21:15:52Z,2026-06-07T23:09:42Z,2026-06-04T23:22:43Z,True,False
vscode-docs,microsoft/vscode-docs,Public documentation for Visual Studio Code,https://github.com/microsoft/vscode-docs,6536,5653,6536,111,Markdown,vscode,277035,NOASSERTION,2015-08-26T18:45:33Z,2026-06-07T22:58:36Z,2026-06-07T22:58:27Z,False,False
AIOpsLab,microsoft/AIOpsLab,"A holistic framework to enable the design, development, and evaluation of autonomous AIOps agents.",https://github.com/microsoft/AIOpsLab,891,160,891,21,Python,,32793,MIT,2024-10-11T00:44:00Z,2026-06-07T22:49:14Z,2026-06-05T20:57:32Z,False,False
clarity-agent,microsoft/clarity-agent,Distill intent. Surface failure modes. Keep the plan current.,https://github.com/microsoft/clarity-agent,220,24,220,11,Python,,12674,MIT,2026-04-29T21:37:41Z,2026-06-07T22:42:15Z,2026-06-07T19:02:26Z,False,False
rnx-kit,microsoft/rnx-kit,"Modern, scalable tools. Exceptional developer experience.",https://github.com/microsoft/rnx-kit,1723,118,1723,57,TypeScript,"android,cli,cross-platform,dependency-manager,desktop,desktop-development,developer-experience,developer-tools,devtools,ios,macos,mobile,mobile-development,monorepo,react-native,typescript,visionos,windows",140466,MIT,2019-11-15T21:38:13Z,2026-06-07T22:41:20Z,2026-06-07T22:02:37Z,False,False
LabanotationSuite,microsoft/LabanotationSuite,Microsoft Applied Robotics Research Library: LabanotationSuite - open source software tools to give service robots the ability to perform human-like gestures,https://github.com/microsoft/LabanotationSuite,51,20,51,6,JavaScript,,45853,MIT,2020-01-21T20:47:07Z,2026-06-07T22:40:04Z,2024-12-20T01:25:47Z,False,False
WindowsAppSDK,microsoft/WindowsAppSDK,"The Windows App SDK empowers all Windows desktop apps with modern Windows UI, APIs, and platform features, including back-compat support, shipped via NuGet.",https://github.com/microsoft/WindowsAppSDK,4587,444,4587,389,C++,"cpp,csharp,desktop,project-reunion,win32,winappsdk,windows,windows-10,windows-11,windows-app-sdk,winui,winui3,wpf",240066,MIT,2020-04-15T22:16:56Z,2026-06-07T22:38:23Z,2026-06-08T03:34:33Z,False,False
TypeChat,microsoft/TypeChat,TypeChat is a library that makes it easy to build natural language interfaces using types.,https://github.com/microsoft/TypeChat,8664,414,8664,69,TypeScript,"ai,llm,natural-language,types",2246,MIT,2023-06-20T00:52:38Z,2026-06-07T22:37:51Z,2026-06-03T16:50:44Z,False,False
AI-Engineering-Coach,microsoft/AI-Engineering-Coach,better agentic engineering,https://github.com/microsoft/AI-Engineering-Coach,1931,262,1931,33,TypeScript,,3323,MIT,2026-05-06T20:27:16Z,2026-06-07T22:32:46Z,2026-06-07T18:42:07Z,False,False
FinanceBenchmark,microsoft/FinanceBenchmark,Benchmark for Finance Agent in M365 Copilot,https://github.com/microsoft/FinanceBenchmark,2,0,2,2,Python,,32808,MIT,2026-04-21T22:28:50Z,2026-06-07T22:32:35Z,2026-05-29T01:10:33Z,False,False
MLOpsPython,microsoft/MLOpsPython,MLOps using Azure ML Services and Azure DevOps,https://github.com/microsoft/MLOpsPython,1311,1151,1311,83,Python,"azure-machine-learning,azureml,mlops",13162,MIT,2019-01-29T19:48:00Z,2026-06-07T22:31:33Z,2023-08-05T09:57:11Z,False,False
TypeAgent,microsoft/TypeAgent,Sample code that explores an architecture for using language models to build a personal agent that can work with application agents.,https://github.com/microsoft/TypeAgent,705,99,705,14,TypeScript,,100285,MIT,2024-07-16T17:01:25Z,2026-06-07T22:22:40Z,2026-06-07T05:05:58Z,False,False
waza,microsoft/waza,"CLI / Framework for Agent Skills - create, test, measure and improve skill quality and effectiveness",https://github.com/microsoft/waza,981,56,981,15,Go,,58304,MIT,2026-02-27T21:39:05Z,2026-06-07T22:18:19Z,2026-06-06T12:08:53Z,False,False
monaco-editor,microsoft/monaco-editor,A browser based code editor,https://github.com/microsoft/monaco-editor,46147,4073,46147,827,JavaScript,"browser,editor,monaco-editor,typescript,vscode",139431,MIT,2016-06-07T16:56:31Z,2026-06-07T22:15:57Z,2026-06-02T18:54:37Z,False,False
Agents-League-AISF-Regulations,microsoft/Agents-League-AISF-Regulations,"Rules, regulations, disclaimers and similar documentation for Agents League @AISF 2026",https://github.com/microsoft/Agents-League-AISF-Regulations,32,3,32,3,Other,,66,MIT,2026-05-14T21:55:22Z,2026-06-07T22:07:41Z,2026-05-18T22:17:49Z,False,False
beginners-series-rust,microsoft/beginners-series-rust,Beginner's Series to Rust,https://github.com/microsoft/beginners-series-rust,485,66,485,2,Rust,,925,MIT,2021-02-03T22:01:56Z,2026-06-07T22:04:35Z,2021-06-18T18:57:06Z,False,False
cookiecutter-rust-actix-clean-architecture,microsoft/cookiecutter-rust-actix-clean-architecture,Cookiecutter Rust Actix template for jumpstarting production-ready projects quickly. ,https://github.com/microsoft/cookiecutter-rust-actix-clean-architecture,262,28,262,4,Rust,,46,MIT,2023-02-08T09:13:52Z,2026-06-07T22:03:11Z,2024-07-26T11:30:32Z,False,False
ClimaX,microsoft/ClimaX,Foundation model for weather & climate,https://github.com/microsoft/ClimaX,697,105,697,11,Python,,19810,MIT,2022-12-08T17:43:46Z,2026-06-07T22:02:59Z,2023-09-30T17:02:35Z,False,False
Orchard,microsoft/Orchard,Orchard: An Open-Source Agentic Modeling Framework,https://github.com/microsoft/Orchard,79,4,79,3,Other,,1129,MIT,2026-04-10T02:26:57Z,2026-06-07T21:57:17Z,2026-06-03T04:47:02Z,False,False
CanadianBuildingFootprints,microsoft/CanadianBuildingFootprints,Computer generated building footprints for Canada,https://github.com/microsoft/CanadianBuildingFootprints,195,32,195,4,Other,,186,NOASSERTION,2019-01-22T22:54:17Z,2026-06-07T21:56:13Z,2024-11-07T17:19:17Z,False,False
TypeScript-React-Starter,microsoft/TypeScript-React-Starter,A starter template for TypeScript and React with a detailed README describing how to use the two together.,https://github.com/microsoft/TypeScript-React-Starter,11045,1205,11045,196,TypeScript,,161,MIT,2017-05-09T19:54:45Z,2026-06-07T21:54:22Z,2019-08-23T00:06:50Z,False,True
vscode-icons,microsoft/vscode-icons,Icons for Visual Studio Code,https://github.com/microsoft/vscode-icons,945,106,945,2,Other,"figma,icons,visual-studio-code",608,CC-BY-4.0,2019-08-02T17:21:59Z,2026-06-07T21:53:45Z,2022-05-23T20:34:49Z,False,False
copilot-camp,microsoft/copilot-camp,Hands-on labs for extending Microsoft 365 Copilot and building custom engine agents,https://github.com/microsoft/copilot-camp,603,156,603,102,C#,,794279,MIT,2024-01-31T16:31:33Z,2026-06-07T21:48:25Z,2026-05-28T06:10:57Z,False,False
Foundry-Local,microsoft/Foundry-Local,,https://github.com/microsoft/Foundry-Local,2349,322,2349,50,C++,"ai-sdk,chat-completions,foundry-local,gpu-acceleration,local-ai,microsoft,on-device-inference,onnx-runtime,speech-to-text,whisper",55501,NOASSERTION,2025-03-31T21:51:15Z,2026-06-07T21:45:31Z,2026-06-05T19:18:13Z,False,False
sarif-sdk,microsoft/sarif-sdk,".NET code and supporting files for working with the 'Static Analysis Results Interchange Format' (SARIF, see https://github.com/oasis-tcs/sarif-spec)",https://github.com/microsoft/sarif-sdk,224,100,224,435,C#,,115296,NOASSERTION,2015-11-05T21:26:46Z,2026-06-07T21:45:23Z,2026-06-07T21:46:19Z,False,False
pylance-release,microsoft/pylance-release,Documentation and issues for Pylance,https://github.com/microsoft/pylance-release,2085,1074,2085,275,Python,"code-analysis,language-server,language-server-protocol,python",15793,CC-BY-4.0,2020-05-21T16:50:15Z,2026-06-07T21:45:11Z,2026-06-04T23:22:12Z,False,False
calculator,microsoft/calculator,Windows Calculator: A simple yet powerful calculator that ships with Windows,https://github.com/microsoft/calculator,30955,5765,30955,473,C++,"cpp,csharp,uwp,windows,windows-10,windows-11,xaml",40059,MIT,2019-01-28T17:55:49Z,2026-06-07T21:34:56Z,2026-06-02T16:24:53Z,False,False
tgrep,microsoft/tgrep,Trigram-indexed grep with a client/server architecture for fast regex search in large codebases locally,https://github.com/microsoft/tgrep,17,4,17,1,Rust,,346,MIT,2026-04-03T15:50:37Z,2026-06-07T21:32:58Z,2026-05-09T06:28:12Z,False,False
Build26-BRK230-build-smarter-ai-systems-in-foundry-as-models-and-costs-evolve,microsoft/Build26-BRK230-build-smarter-ai-systems-in-foundry-as-models-and-costs-evolve,"Microsoft Build 2026 · Build smarter AI systems in Microsoft Foundry as models and costs evolve · Learn to hill climb across quality, cost and latency with a model playbook",https://github.com/microsoft/Build26-BRK230-build-smarter-ai-systems-in-foundry-as-models-and-costs-evolve,9,13,9,1,Other,"ai-development,benchmarking,build-2026,llm,microsoft-build,microsoft-foundry,model-selection",1100,MIT,2026-04-10T22:42:30Z,2026-06-07T21:28:23Z,2026-06-06T03:57:57Z,False,False
BCApps,microsoft/BCApps,Repository for collaboration on Microsoft Dynamics 365 Business Central applications.,https://github.com/microsoft/BCApps,593,380,593,204,AL,bcopensource,187190,MIT,2023-05-11T14:16:59Z,2026-06-07T21:12:25Z,2026-06-07T21:12:21Z,False,False
power-platform-skills,microsoft/power-platform-skills,"A plugin marketplace for Claude Code/GitHub Copilot that provides Power Platform development plugins, including reusable skills, agents, and commands for building and deploying solutions.",https://github.com/microsoft/power-platform-skills,346,66,346,35,JavaScript,"claude-code-plugin,claude-code-skills,code-apps,github-copilot-plugin,power-apps,power-pages,power-platform",11634,MIT,2026-01-21T18:25:14Z,2026-06-07T21:08:02Z,2026-06-07T23:23:44Z,False,False
